method,log rho,W,q,M,W_q
manual,-13.815510557964274,-4.605170185988091,-1.3862943611198906,-9.210340371976182,-4.605170185988091
initial,-8.4227449439452,-7.476380644806974,-4.23540895789563,-3.9889897766936477,-0.4154693091042875
MLE,-8.422721513295569,-7.476399652760843,-4.225735089851275,-3.988944142986405,-0.41375665515244603
