method,log rho,W,q,M,W_q
manual,-13.815510557964274,-4.605170185988091,-1.3862943611198906,-9.210340371976182,-4.605170185988091
initial,-8.4227449439452,-7.476380644806974,-4.23540895789563,-3.9889897766936477,-0.4154693091042875
MLE,-8.422721513614098,-7.476399658187153,-4.22573509664383,-3.9889441488039696,-0.4137566349204709
