method,log rho,W,q,M,W_q
manual,-8.399410155759854,-7.459402897268383,-4.240527072400182,-3.9322257127456655,-0.421442062631305
initial,-9.498473528009951,-7.176173500070751,-3.6539720582817656,-6.063721127466821,-1.95510472147738
MLE,-8.749092859249224,-6.917059911921723,-1.9615484327591168,-4.408103535642171,-0.19867570234745
