method,log rho,W,q,M,W_q
manual,-8.399410155759854,-7.459402897268383,-4.240527072400182,-3.9322257127456655,-0.421442062631305
initial,-9.498473528009951,-7.176173500070751,-3.6539720582817656,-6.063721127466821,-1.95510472147738
MLE,-9.491112854055853,-7.167914274896476,-3.653098128651405,-6.054349162377304,-1.9545497948842407
