method,log rho,W,q,M,W_q
manual,-8.399410155759854,-7.459402897268383,-4.240527072400182,-3.9322257127456655,-0.421442062631305
initial,-8.748476043273607,-6.915487136896888,-1.9623090799543892,-4.408467670632922,-0.1990654788396088
MLE,-8.748555060635622,-6.9155143502858305,-1.9612130790596172,-4.408284537651647,-0.1985909535002628
