N,method,ef
150000.0,LA,96.21137955955433
150000.0,EIS,98.79873134698292
150000.0,CE,98.709183670572
150000.0,LA,97.63421938597642
150000.0,EIS,99.1965688491202
150000.0,CE,99.15532340792336
